,Team,Week,AvgPointsScored,AvgPassYards,AvgRushYards,AvgInterceptions,AvgTimesSacked,OppPointsAllowed,OppPassYards,OppRushYards,OppInterceptions,OppSacks,Points
0,GNB,2,43.0,364.0,158.0,0.0,0.0,27.0,214.0,149.0,0.0,1.0,42
1,GNB,3,42.5,296.5,208.5,0.0,0.5,28.5,242.5,101.0,1.0,3.0,37
2,GNB,4,40.666666666666664,288.0,171.66666666666666,0.0,0.6666666666666666,36.0,350.3333333333333,113.0,0.6666666666666666,2.0,30
3,GNB,6,30.4,235.8,120.6,0.0,0.6,22.4,239.8,58.4,1.2,3.4,10
4,GNB,7,27.0,214.33333333333334,116.16666666666667,0.3333333333333333,1.3333333333333333,30.333333333333332,246.5,177.5,0.16666666666666666,2.6666666666666665,35
5,GNB,8,28.142857142857142,224.14285714285714,113.28571428571429,0.2857142857142857,1.1428571428571428,27.428571428571427,245.71428571428572,108.85714285714286,0.42857142857142855,1.8571428571428572,22
6,GNB,9,27.375,232.5,112.75,0.25,1.125,21.625,209.0,105.625,1.0,1.75,34
7,GNB,10,28.11111111111111,239.33333333333334,112.55555555555556,0.2222222222222222,1.1111111111111112,27.444444444444443,248.88888888888889,122.77777777777777,0.6666666666666666,0.8888888888888888,24
8,GNB,11,27.7,246.9,109.3,0.3,1.1,17.7,178.8,82.6,1.1,2.1,31
9,GNB,12,28.0,251.8181818181818,105.36363636363636,0.36363636363636365,1.0909090909090908,19.0,204.54545454545453,104.63636363636364,0.5454545454545454,1.9090909090909092,41
10,GNB,13,29.083333333333332,248.41666666666666,111.75,0.3333333333333333,1.0,23.083333333333332,193.16666666666666,117.5,0.25,3.0,30
11,GNB,14,29.153846153846153,251.46153846153845,114.61538461538461,0.3076923076923077,1.0769230769230769,27.53846153846154,241.53846153846155,123.61538461538461,0.5384615384615384,1.3846153846153846,31
12,GNB,15,29.285714285714285,254.21428571428572,115.0,0.2857142857142857,1.0,23.714285714285715,232.85714285714286,105.5,0.35714285714285715,1.3571428571428572,24
13,GNB,16,28.933333333333334,243.66666666666666,120.33333333333333,0.26666666666666666,1.2666666666666666,24.066666666666666,257.6,106.86666666666666,0.8666666666666667,0.9333333333333333,40
14,GNB,17,29.625,241.8125,127.4375,0.3125,1.25,20.9375,216.75,108.4375,0.625,2.125,-1
15,BUF,2,27.0,306.0,98.0,0.0,3.0,21.0,140.0,217.0,0.0,2.0,31
16,BUF,3,29.0,358.5,105.0,0.0,2.0,18.0,243.0,128.5,1.0,1.5,35
17,BUF,4,31.0,330.3333333333333,103.66666666666667,0.3333333333333333,2.6666666666666665,30.0,242.33333333333334,163.66666666666666,0.6666666666666666,1.0,30
18,BUF,5,30.75,316.25,93.5,0.25,2.25,18.5,192.25,124.5,1.0,1.0,16
19,BUF,6,27.8,308.0,93.8,0.6,2.0,22.0,225.2,157.6,1.2,2.6,17
20,BUF,7,26.0,277.0,92.16666666666667,0.6666666666666666,1.6666666666666667,30.833333333333332,253.33333333333334,125.5,1.1666666666666667,1.5,18
21,BUF,8,24.857142857142858,279.7142857142857,97.0,0.5714285714285714,1.7142857142857142,20.428571428571427,195.57142857142858,113.28571428571429,1.1428571428571428,1.2857142857142858,24
22,BUF,9,24.75,263.375,108.625,0.625,1.625,24.875,313.875,89.375,1.125,1.5,44
23,BUF,10,26.88888888888889,277.0,100.33333333333333,0.5555555555555556,2.2222222222222223,20.0,216.88888888888889,112.11111111111111,0.6666666666666666,2.4444444444444446,30
24,BUF,12,24.727272727272727,253.54545454545453,88.72727272727273,0.6363636363636364,1.8181818181818181,24.818181818181817,207.9090909090909,104.81818181818181,0.45454545454545453,1.5454545454545454,27
25,BUF,13,24.916666666666668,245.75,95.66666666666667,0.6666666666666666,1.9166666666666667,21.166666666666668,189.25,99.66666666666667,0.8333333333333334,1.6666666666666667,34
26,BUF,14,25.615384615384617,255.15384615384616,94.53846153846153,0.6153846153846154,1.8461538461538463,16.23076923076923,184.46153846153845,92.92307692307692,1.2307692307692308,3.3846153846153846,26
27,BUF,15,25.642857142857142,253.35714285714286,95.21428571428571,0.6428571428571429,1.7857142857142858,24.785714285714285,204.92857142857142,121.64285714285714,0.5714285714285714,2.5714285714285716,48
28,BUF,16,27.133333333333333,259.93333333333334,101.0,0.6,1.7333333333333334,20.066666666666666,198.26666666666668,124.13333333333334,1.0666666666666667,1.4,38
29,BUF,17,27.8125,265.1875,102.8125,0.5625,1.625,17.625,227.9375,111.5,1.0,2.5,-1
30,TAM,2,23.0,224.0,86.0,2.0,3.0,34.0,239.0,133.0,0.0,0.0,31
31,TAM,3,27.0,220.5,104.0,1.5,1.5,21.0,274.0,119.5,0.5,1.0,28
32,TAM,4,27.333333333333332,242.0,92.0,1.0,1.6666666666666667,19.0,227.66666666666666,109.33333333333333,0.3333333333333333,2.0,38
33,TAM,5,30.0,273.75,97.75,1.0,1.25,20.25,230.25,115.0,0.75,2.0,19
34,TAM,6,27.8,265.6,99.4,0.8,1.6,20.2,198.0,84.6,0.4,2.4,38
35,TAM,7,29.5,249.0,109.16666666666667,0.6666666666666666,1.3333333333333333,25.333333333333332,222.33333333333334,105.66666666666667,0.5,1.1666666666666667,45
36,TAM,8,31.714285714285715,266.14285714285717,105.71428571428571,0.5714285714285714,1.1428571428571428,24.857142857142858,251.28571428571428,105.0,0.7142857142857143,2.5714285714285716,25
37,TAM,9,30.875,265.75,102.625,0.5,1.25,24.625,208.125,79.25,0.5,2.375,3
38,TAM,10,27.77777777777778,256.8888888888889,92.11111111111111,0.7777777777777778,1.4444444444444444,25.11111111111111,246.77777777777777,115.0,0.5555555555555556,1.1111111111111112,46
39,TAM,11,29.6,264.6,103.9,0.7,1.4,16.8,179.7,87.1,0.8,3.1,24
40,TAM,12,29.09090909090909,259.54545454545456,98.27272727272727,0.8181818181818182,1.3636363636363635,19.454545454545453,201.45454545454547,121.36363636363636,0.9090909090909091,1.7272727272727273,24
41,TAM,14,26.46153846153846,245.92307692307693,88.92307692307692,0.8461538461538461,1.2307692307692308,25.307692307692307,241.53846153846155,111.6923076923077,0.8461538461538461,1.6153846153846154,26
42,TAM,15,26.428571428571427,242.35714285714286,90.21428571428571,0.7857142857142857,1.1428571428571428,23.0,261.64285714285717,101.07142857142857,0.6428571428571429,1.7857142857142858,31
43,TAM,16,26.733333333333334,250.53333333333333,87.6,0.7333333333333333,1.2666666666666666,29.0,246.53333333333333,128.13333333333333,0.4666666666666667,1.2666666666666666,47
44,TAM,17,28.0,264.6875,89.0625,0.6875,1.3125,23.125,269.125,98.9375,0.6875,1.75,-1
45,OTI,2,16.0,247.0,130.0,0.0,1.0,20.0,357.0,88.0,2.0,1.0,33
46,OTI,3,24.5,239.0,126.5,0.0,1.0,35.5,283.5,154.5,0.5,1.0,31
47,OTI,5,20.0,197.0,96.75,0.25,1.0,25.0,280.25,101.0,0.5,2.5,42
48,OTI,6,24.4,196.6,105.2,0.2,0.8,28.0,227.0,160.4,0.0,2.8,42
49,OTI,7,27.333333333333332,221.16666666666666,131.5,0.3333333333333333,1.0,15.666666666666666,182.5,55.166666666666664,1.3333333333333333,4.0,24
50,OTI,8,26.857142857142858,219.57142857142858,124.42857142857143,0.2857142857142857,1.1428571428571428,27.714285714285715,261.42857142857144,133.28571428571428,1.0,1.4285714285714286,20
51,OTI,9,26.0,220.0,136.125,0.375,1.125,20.75,228.5,120.0,0.625,2.125,24
52,OTI,10,25.77777777777778,210.66666666666666,131.22222222222223,0.3333333333333333,1.3333333333333333,17.77777777777778,183.44444444444446,74.33333333333333,1.2222222222222223,2.2222222222222223,17
53,OTI,11,24.9,203.3,133.8,0.3,1.3,16.5,192.0,98.7,0.4,2.5,30
54,OTI,12,25.363636363636363,207.54545454545453,137.36363636363637,0.36363636363636365,1.3636363636363635,18.90909090909091,189.9090909090909,81.0909090909091,1.0909090909090908,2.0,45
55,OTI,13,27.0,208.58333333333334,145.0,0.3333333333333333,1.3333333333333333,23.833333333333332,226.16666666666666,99.16666666666667,0.75,2.25,35
56,OTI,14,27.615384615384617,220.92307692307693,138.6153846153846,0.38461538461538464,1.4615384615384615,27.076923076923077,257.61538461538464,126.38461538461539,0.6923076923076923,1.1538461538461537,31
57,OTI,15,27.857142857142858,219.78571428571428,146.5,0.35714285714285715,1.4285714285714286,27.785714285714285,245.0,123.35714285714286,0.5,1.2857142857142858,46
58,OTI,16,29.066666666666666,223.0,149.73333333333332,0.3333333333333333,1.4,22.6,212.46666666666667,102.73333333333333,0.5333333333333333,2.533333333333333,14
59,OTI,17,28.125,215.5625,150.125,0.4375,1.4375,26.4375,243.75,142.25,0.1875,2.0,-1
60,NOR,2,34.0,189.0,82.0,0.0,1.0,30.0,259.0,129.0,0.0,1.0,24
61,NOR,3,29.0,250.5,97.0,0.5,0.5,27.5,233.0,111.5,1.0,3.0,30
62,NOR,4,29.333333333333332,258.6666666666667,105.33333333333333,0.3333333333333333,1.0,30.666666666666668,237.0,172.33333333333334,1.0,1.0,35
63,NOR,5,30.75,251.0,120.0,0.5,1.25,23.75,263.0,110.75,0.5,1.5,30
64,NOR,7,25.5,219.5,95.83333333333333,0.5,1.1666666666666667,23.5,218.83333333333334,121.66666666666667,0.6666666666666666,0.8333333333333334,27
65,NOR,8,25.714285714285715,227.71428571428572,101.85714285714286,0.42857142857142855,1.1428571428571428,20.0,222.28571428571428,119.71428571428571,0.7142857142857143,2.2857142857142856,26
66,NOR,9,25.75,233.25,104.375,0.375,1.125,20.625,229.125,70.375,1.375,3.5,38
67,NOR,10,27.11111111111111,238.66666666666666,108.11111111111111,0.3333333333333333,1.1111111111111112,23.0,218.44444444444446,106.22222222222223,0.8888888888888888,1.6666666666666667,27
68,NOR,11,27.1,227.1,108.7,0.3,1.3,25.1,279.3,89.7,0.7,1.4,24
69,NOR,12,26.818181818181817,225.54545454545453,113.9090909090909,0.2727272727272727,1.4545454545454546,24.272727272727273,204.36363636363637,110.45454545454545,0.6363636363636364,2.5454545454545454,31
70,NOR,13,27.166666666666668,212.0,123.5,0.3333333333333333,1.5833333333333333,23.416666666666668,267.1666666666667,91.91666666666667,0.6666666666666666,1.8333333333333333,21
71,NOR,14,26.692307692307693,212.3846153846154,129.92307692307693,0.3076923076923077,1.6153846153846154,23.615384615384617,200.46153846153845,119.92307692307692,0.23076923076923078,2.923076923076923,21
72,NOR,15,26.285714285714285,215.92857142857142,127.5,0.35714285714285715,1.8571428571428572,20.071428571428573,214.0,119.21428571428571,1.0714285714285714,1.7142857142857142,29
73,NOR,16,26.466666666666665,216.53333333333333,123.0,0.4,1.8,25.866666666666667,235.6,117.2,0.8,1.4666666666666666,52
74,NOR,17,28.0625,222.9375,131.8125,0.5,1.6875,23.0625,227.125,111.25,0.4375,1.6875,-1
75,KAN,2,34.0,203.0,166.0,0.0,1.0,13.0,173.0,122.0,1.0,3.0,23
76,KAN,3,28.5,246.0,145.5,0.0,1.0,11.0,210.5,94.5,1.0,3.0,34
77,KAN,4,30.333333333333332,292.3333333333333,141.0,0.0,0.6666666666666666,22.0,235.33333333333334,122.33333333333333,1.3333333333333333,1.6666666666666667,26
78,KAN,5,29.25,276.5,129.25,0.0,0.75,30.0,250.25,138.5,0.5,1.0,32
79,KAN,6,29.8,287.8,119.4,0.2,1.2,28.4,263.2,108.6,0.4,2.0,26
80,KAN,7,29.166666666666668,276.6666666666667,140.33333333333334,0.16666666666666666,1.1666666666666667,18.333333333333332,199.33333333333334,92.16666666666667,0.5,2.3333333333333335,43
81,KAN,8,31.142857142857142,263.57142857142856,134.71428571428572,0.14285714285714285,1.5714285714285714,29.0,259.42857142857144,125.57142857142857,1.0,1.5714285714285714,35
82,KAN,9,31.625,286.375,124.125,0.125,1.375,24.125,232.5,124.875,0.625,1.0,33
83,KAN,11,28.6,265.2,102.9,0.1,1.3,24.1,238.4,101.4,0.7,1.1,35
84,KAN,12,29.181818181818183,273.09090909090907,103.36363636363636,0.18181818181818182,1.1818181818181819,23.0,237.54545454545453,73.0,1.2727272727272727,2.909090909090909,27
85,KAN,13,29.0,288.3333333333333,102.0,0.16666666666666666,1.25,24.833333333333332,192.58333333333334,120.33333333333333,0.6666666666666666,2.5833333333333335,22
86,KAN,14,28.46153846153846,290.2307692307692,104.46153846153847,0.15384615384615385,1.2307692307692308,16.307692307692307,214.84615384615384,113.0,1.0,2.3846153846153846,33
87,KAN,15,28.785714285714285,294.7857142857143,103.71428571428571,0.35714285714285715,1.3571428571428572,18.928571428571427,194.28571428571428,82.78571428571429,0.9285714285714286,2.5714285714285716,32
88,KAN,16,29.0,290.6,108.73333333333333,0.3333333333333333,1.5333333333333334,23.533333333333335,268.53333333333336,97.73333333333333,0.6,1.8666666666666667,17
89,KAN,17,28.25,289.8125,109.25,0.4375,1.4375,25.3125,210.0625,116.625,0.75,1.625,-1
90,RAV,2,38.0,270.0,111.0,0.0,2.0,34.0,203.0,166.0,0.0,1.0,33
91,RAV,3,35.5,223.5,170.5,0.0,3.0,20.0,269.0,150.5,1.0,3.0,20
92,RAV,4,30.333333333333332,172.33333333333334,166.33333333333334,0.0,3.3333333333333335,27.0,209.33333333333334,125.0,1.0,4.333333333333333,31
93,RAV,5,30.5,180.75,160.75,0.5,2.75,24.75,243.0,157.75,1.0,2.0,27
94,RAV,6,29.8,178.8,160.8,0.6,2.4,29.0,241.0,114.2,0.4,3.6,30
95,RAV,8,25.571428571428573,152.42857142857142,140.85714285714286,0.42857142857142855,2.142857142857143,16.857142857142858,186.42857142857142,59.0,1.1428571428571428,3.7142857142857144,24
96,RAV,9,25.375,157.375,156.375,0.625,2.375,17.0,186.875,69.875,1.375,2.25,24
97,RAV,10,25.22222222222222,157.22222222222223,151.22222222222223,0.5555555555555556,2.3333333333333335,21.555555555555557,197.22222222222223,116.44444444444444,1.1111111111111112,1.2222222222222223,17
98,RAV,11,24.4,165.7,147.6,0.6,2.3,23.5,249.7,108.6,0.9,1.1,24
99,RAV,12,24.363636363636363,166.72727272727272,145.9090909090909,0.6363636363636364,2.1818181818181817,15.818181818181818,185.0,94.0,1.3636363636363635,3.4545454545454546,14
100,RAV,13,23.5,160.33333333333334,144.5,0.6666666666666666,2.25,29.916666666666668,206.83333333333334,143.33333333333334,0.3333333333333333,1.8333333333333333,34
101,RAV,14,24.307692307692307,156.23076923076923,156.0,0.6923076923076923,2.076923076923077,24.692307692307693,237.15384615384616,96.3076923076923,0.7692307692307693,2.3076923076923075,47
102,RAV,15,25.928571428571427,156.07142857142858,161.35714285714286,0.6428571428571429,2.2142857142857144,27.357142857142858,253.85714285714286,135.14285714285714,0.6428571428571429,1.1428571428571428,40
103,RAV,16,26.866666666666667,162.33333333333334,161.2,0.6666666666666666,2.1333333333333333,20.733333333333334,228.33333333333334,95.0,0.6666666666666666,2.2666666666666666,27
104,RAV,17,26.875,163.625,166.6875,0.625,2.0,24.125,233.625,122.75,0.625,1.0625,-1
105,SEA,2,38.0,299.0,84.0,0.0,3.0,11.0,182.0,87.0,3.0,1.0,35
106,SEA,3,36.5,287.0,119.0,0.5,2.5,29.5,268.0,133.0,0.5,1.0,38
107,SEA,4,37.0,289.6666666666667,118.33333333333333,0.3333333333333333,3.0,21.666666666666668,265.6666666666667,133.66666666666666,0.3333333333333333,2.3333333333333335,31
108,SEA,5,35.5,303.0,113.25,0.5,2.75,31.25,291.75,134.75,0.5,1.75,27
109,SEA,7,28.166666666666668,233.66666666666666,96.16666666666667,0.5,2.5,18.666666666666668,226.5,119.66666666666667,0.5,2.8333333333333335,34
110,SEA,8,29.0,253.42857142857142,111.0,0.8571428571428571,2.4285714285714284,19.428571428571427,203.28571428571428,106.28571428571429,1.1428571428571428,1.7142857142857142,37
111,SEA,9,30.0,252.875,109.75,0.75,2.375,24.875,223.625,134.5,0.5,2.375,34
112,SEA,10,30.444444444444443,265.0,103.88888888888889,0.8888888888888888,2.6666666666666665,16.88888888888889,175.22222222222223,84.22222222222223,0.6666666666666666,2.7777777777777777,16
113,SEA,11,29.0,260.5,104.8,1.0,3.0,21.0,224.8,108.2,0.8,2.2,28
114,SEA,12,28.90909090909091,253.36363636363637,110.27272727272727,0.9090909090909091,3.0,23.09090909090909,190.27272727272728,121.27272727272727,0.2727272727272727,3.090909090909091,23
115,SEA,13,28.416666666666668,251.0,107.41666666666667,0.8333333333333334,2.9166666666666665,21.083333333333332,224.33333333333334,87.41666666666667,0.75,2.25,12
116,SEA,14,27.153846153846153,248.30769230769232,107.6923076923077,0.8461538461538461,3.076923076923077,27.153846153846153,268.61538461538464,99.46153846153847,0.6153846153846154,1.5384615384615385,40
117,SEA,15,28.071428571428573,247.42857142857142,112.42857142857143,0.8571428571428571,2.9285714285714284,19.642857142857142,191.57142857142858,99.5,0.8571428571428571,2.857142857142857,20
118,SEA,16,27.533333333333335,239.0,117.0,0.8666666666666667,2.7333333333333334,17.933333333333334,179.2,87.8,0.8666666666666667,2.933333333333333,20
119,SEA,17,27.0625,236.375,115.625,0.8125,2.875,22.75,198.0,98.875,0.75,1.75,-1
120,CLT,2,20.0,357.0,88.0,2.0,1.0,43.0,364.0,158.0,0.0,0.0,28
121,CLT,3,24.0,280.0,119.5,1.5,1.5,29.0,241.5,140.0,0.5,3.0,36
122,CLT,4,28.0,264.6666666666667,119.33333333333333,1.0,1.0,20.666666666666668,245.0,119.0,1.0,2.3333333333333335,19
123,CLT,5,25.75,245.0,115.25,0.75,1.0,31.5,310.5,91.75,1.0,2.75,23
124,CLT,6,25.2,244.0,105.8,1.0,1.0,25.2,228.6,158.4,1.0,1.8,31
125,CLT,8,22.428571428571427,227.28571428571428,84.0,0.8571428571428571,0.8571428571428571,23.571428571428573,213.14285714285714,113.0,0.7142857142857143,1.1428571428571428,41
126,CLT,9,24.75,229.75,88.375,0.75,1.0,16.5,194.75,87.75,0.375,3.0,10
127,CLT,10,23.11111111111111,229.44444444444446,91.0,0.7777777777777778,0.8888888888888888,22.333333333333332,244.44444444444446,105.88888888888889,1.0,1.1111111111111112,34
128,CLT,11,24.2,236.2,95.2,0.7,0.9,22.4,202.6,99.7,0.4,2.0,34
129,CLT,12,25.09090909090909,240.1818181818182,99.27272727272727,0.7272727272727273,0.9090909090909091,23.545454545454547,243.0909090909091,110.45454545454545,0.9090909090909091,1.0909090909090908,26
130,CLT,13,25.166666666666668,243.5,95.66666666666667,0.75,1.0,24.75,233.58333333333334,141.83333333333334,0.25,2.0833333333333335,26
131,CLT,14,25.23076923076923,244.92307692307693,96.6923076923077,0.6923076923076923,1.1538461538461537,26.692307692307693,237.30769230769232,111.76923076923077,0.7692307692307693,1.1538461538461537,44
132,CLT,15,26.571428571428573,244.85714285714286,104.92857142857143,0.6428571428571429,1.0714285714285714,25.642857142857142,236.14285714285714,141.42857142857142,0.21428571428571427,2.2142857142857144,27
133,CLT,16,26.6,243.4,106.4,0.6,1.0666666666666667,17.6,180.4,97.6,1.1333333333333333,3.1333333333333333,24
134,CLT,17,26.4375,243.0625,107.6875,0.625,1.3125,29.0,254.1875,136.1875,0.6875,1.125,-1
135,RAI,2,34.0,239.0,133.0,0.0,0.0,23.0,224.0,86.0,2.0,3.0,34
136,RAI,3,34.0,250.0,124.5,0.0,1.5,23.0,228.5,120.5,2.0,1.5,20
137,RAI,4,29.333333333333332,249.66666666666666,125.0,0.0,1.6666666666666667,25.666666666666668,274.6666666666667,106.0,0.6666666666666666,2.6666666666666665,23
138,RAI,5,27.75,261.5,115.25,0.0,1.75,17.5,195.0,161.0,1.25,3.0,40
139,RAI,7,25.166666666666668,232.0,100.83333333333333,0.16666666666666666,1.3333333333333333,20.333333333333332,217.66666666666666,64.33333333333333,1.3333333333333333,3.6666666666666665,20
140,RAI,8,24.428571428571427,237.57142857142858,97.28571428571429,0.2857142857142857,1.5714285714285714,31.571428571428573,288.14285714285717,92.14285714285714,1.0,2.5714285714285716,16
141,RAI,9,23.375,220.375,111.25,0.25,1.625,23.125,220.25,98.25,0.5,1.875,31
142,RAI,10,24.22222222222222,213.66666666666666,116.66666666666667,0.2222222222222222,1.5555555555555556,24.11111111111111,214.11111111111111,106.22222222222223,0.6666666666666666,2.4444444444444446,37
143,RAI,11,25.5,207.7,125.3,0.2,1.4,18.3,194.1,124.6,0.9,1.9,31
144,RAI,12,26.0,213.8181818181818,122.0,0.2727272727272727,1.2727272727272727,25.0,273.0,96.63636363636364,0.6363636363636364,1.5454545454545454,6
145,RAI,13,24.333333333333332,212.91666666666666,115.16666666666667,0.3333333333333333,1.5833333333333333,26.833333333333332,260.3333333333333,101.75,0.5833333333333334,1.5,31
146,RAI,14,24.846153846153847,224.84615384615384,111.84615384615384,0.38461538461538464,1.6153846153846154,21.0,201.30769230769232,93.15384615384616,1.0,2.1538461538461537,27
147,RAI,15,25.0,233.42857142857142,109.5,0.5,1.5,25.857142857142858,201.57142857142858,111.42857142857143,0.6428571428571429,1.6428571428571428,27
148,RAI,16,25.133333333333333,236.26666666666668,113.73333333333333,0.5333333333333333,1.4666666666666666,17.133333333333333,222.2,112.0,1.0666666666666667,2.466666666666667,25
149,RAI,17,25.125,241.125,113.125,0.5,1.5625,25.875,215.5,123.375,0.5,2.4375,-1
150,MIN,2,34.0,248.0,134.0,1.0,2.0,27.0,150.0,91.0,0.0,4.0,11
151,MIN,3,22.5,171.5,107.0,2.0,2.5,22.0,265.5,136.0,1.0,1.0,30
152,MIN,4,25.0,193.66666666666666,146.66666666666666,2.0,2.3333333333333335,31.666666666666668,199.33333333333334,188.33333333333334,0.0,2.3333333333333335,31
153,MIN,5,26.5,207.25,150.5,1.5,2.5,27.25,401.0,75.75,1.5,1.5,26
154,MIN,6,26.4,215.4,160.6,1.4,2.6,32.2,335.8,110.2,0.4,1.4,23
155,MIN,8,22.142857142857142,201.42857142857142,119.28571428571429,1.4285714285714286,2.0,22.714285714285715,206.0,94.28571428571429,0.2857142857142857,2.142857142857143,28
156,MIN,9,22.875,195.125,126.0,1.25,1.875,25.75,217.375,113.75,0.625,1.25,34
157,MIN,10,24.11111111111111,197.0,142.55555555555554,1.1111111111111112,1.7777777777777777,21.11111111111111,218.22222222222223,116.88888888888889,0.5555555555555556,2.2222222222222223,19
158,MIN,11,23.6,205.9,138.2,1.1,1.7,29.0,202.1,141.3,0.3,1.7,28
159,MIN,12,24.0,214.9090909090909,137.0,1.0,1.7272727272727273,24.727272727272727,245.45454545454547,116.81818181818181,0.45454545454545453,1.4545454545454546,28
160,MIN,13,24.333333333333332,221.25,133.58333333333334,0.9166666666666666,1.75,27.083333333333332,256.1666666666667,124.83333333333333,0.6666666666666666,0.9166666666666666,27
161,MIN,14,24.53846153846154,225.3846153846154,134.46153846153845,0.9230769230769231,1.9230769230769231,21.53846153846154,236.07692307692307,68.46153846153847,1.0769230769230769,2.6153846153846154,14
162,MIN,15,23.785714285714285,221.64285714285714,136.42857142857142,0.8571428571428571,2.2142857142857144,20.785714285714285,215.42857142857142,107.21428571428571,0.5,2.142857142857143,27
163,MIN,16,24.0,223.46666666666667,137.86666666666667,0.8666666666666667,2.2666666666666666,19.8,196.8,89.2,0.8666666666666667,2.6666666666666665,33
164,MIN,17,24.5625,226.625,134.875,0.8125,2.25,30.125,260.9375,127.0625,0.4375,1.3125,-1
165,PIT,2,26.0,208.0,141.0,0.0,2.0,16.0,247.0,130.0,0.0,1.0,26
166,PIT,3,26.0,254.5,125.0,0.5,1.5,33.5,190.0,198.0,0.0,2.5,28
167,PIT,5,20.0,181.75,104.75,0.25,1.25,26.75,243.5,108.75,0.5,4.25,38
168,PIT,6,23.6,191.6,111.0,0.2,1.2,29.8,296.4,87.0,1.2,2.4,38
169,PIT,7,26.0,184.33333333333334,114.0,0.16666666666666666,1.3333333333333333,21.0,227.33333333333334,114.16666666666667,1.0,1.1666666666666667,27
170,PIT,8,26.142857142857142,196.28571428571428,111.14285714285714,0.5714285714285714,1.1428571428571428,14.857142857142858,197.85714285714286,93.42857142857143,0.42857142857142855,3.142857142857143,28
171,PIT,9,26.375,193.375,103.25,0.5,1.25,33.25,214.0,170.875,0.375,2.125,24
172,PIT,10,26.11111111111111,206.22222222222223,96.88888888888889,0.4444444444444444,1.1111111111111112,23.77777777777778,228.11111111111111,127.88888888888889,0.8888888888888888,1.2222222222222223,36
173,PIT,11,27.1,218.9,91.6,0.4,1.0,27.1,255.5,118.5,0.7,0.9,27
174,PIT,12,27.09090909090909,223.27272727272728,92.9090909090909,0.45454545454545453,0.9090909090909091,17.727272727272727,197.27272727272728,105.45454545454545,0.45454545454545453,2.4545454545454546,19
175,PIT,13,26.416666666666668,226.83333333333334,90.83333333333333,0.5,0.8333333333333334,20.25,178.41666666666666,105.33333333333333,0.8333333333333334,3.0,17
176,PIT,14,25.692307692307693,232.84615384615384,85.46153846153847,0.5384615384615384,0.7692307692307693,23.53846153846154,230.30769230769232,116.3076923076923,0.7692307692307693,2.3076923076923075,15
177,PIT,15,24.928571428571427,228.85714285714286,82.71428571428571,0.6428571428571429,0.7857142857142857,24.142857142857142,232.71428571428572,122.28571428571429,0.6428571428571429,1.0714285714285714,17
178,PIT,16,24.4,224.13333333333333,82.93333333333334,0.6666666666666666,0.8,21.333333333333332,220.26666666666668,91.53333333333333,1.0,2.2,28
179,PIT,17,24.625,230.875,79.125,0.625,0.8125,24.8125,228.3125,105.5,0.625,2.3125,-1
180,CRD,2,24.0,224.0,180.0,1.0,2.0,17.0,208.0,57.0,2.0,8.0,30
181,CRD,3,27.0,251.0,170.0,1.0,2.5,34.5,221.5,204.0,0.0,1.0,23
182,CRD,4,25.666666666666668,256.6666666666667,149.66666666666666,1.6666666666666667,2.0,27.0,258.3333333333333,124.0,0.6666666666666666,0.6666666666666666,21
183,CRD,5,24.5,225.75,144.5,1.25,1.75,32.75,239.75,129.0,1.0,1.5,30
184,CRD,6,25.6,254.4,141.0,1.2,1.6,36.0,248.6,155.8,0.2,2.0,38
185,CRD,7,27.666666666666668,241.5,161.0,1.0,1.5,22.5,308.6666666666667,84.0,1.1666666666666667,1.5,37
186,CRD,9,25.375,226.125,140.625,0.875,1.125,16.25,219.5,109.5,0.875,2.375,31
187,CRD,10,26.0,230.33333333333334,144.77777777777777,0.7777777777777778,1.1111111111111112,25.88888888888889,239.0,125.88888888888889,0.6666666666666666,2.6666666666666665,32
188,CRD,11,26.6,230.9,152.0,0.8,1.3,26.6,318.0,85.5,0.9,2.2,21
189,CRD,12,26.09090909090909,233.27272727272728,143.36363636363637,0.7272727272727273,1.4545454545454546,21.636363636363637,214.63636363636363,110.72727272727273,1.0,1.1818181818181819,17
190,CRD,13,25.333333333333332,227.16666666666666,142.91666666666666,0.75,1.5,17.916666666666668,186.58333333333334,85.41666666666667,0.9166666666666666,2.8333333333333335,28
191,CRD,14,25.53846153846154,220.46153846153845,139.0,0.7692307692307693,1.5384615384615385,20.384615384615383,223.69230769230768,89.23076923076923,0.7692307692307693,2.4615384615384617,26
192,CRD,15,25.571428571428573,221.21428571428572,140.42857142857142,0.7142857142857143,1.5,23.428571428571427,204.85714285714286,118.21428571428571,0.2857142857142857,3.0714285714285716,33
193,CRD,16,26.066666666666666,234.66666666666666,137.93333333333334,0.7333333333333333,1.4666666666666666,23.466666666666665,195.86666666666667,97.46666666666667,0.7333333333333333,1.6666666666666667,12
194,CRD,17,25.1875,234.375,136.8125,0.75,1.5625,18.0625,180.3125,88.25,0.8125,3.0625,-1
195,CLE,2,6.0,168.0,138.0,1.0,2.0,16.0,207.0,155.0,0.0,2.0,35
196,CLE,3,20.5,193.5,176.5,1.0,1.0,23.5,243.0,108.5,1.5,5.5,34
197,CLE,4,25.0,176.33333333333334,170.33333333333334,0.6666666666666666,1.3333333333333333,32.333333333333336,277.0,127.66666666666667,0.3333333333333333,2.0,49
198,CLE,5,31.0,182.5,204.5,0.5,1.5,14.0,159.25,77.0,1.75,2.5,32
199,CLE,6,31.2,198.2,188.4,0.8,1.4,17.4,190.0,51.2,1.2,4.0,7
200,CLE,7,27.166666666666668,189.33333333333334,169.5,1.0,1.8333333333333333,26.166666666666668,252.33333333333334,141.83333333333334,1.0,1.6666666666666667,37
201,CLE,8,28.571428571428573,207.42857142857142,157.0,1.0,1.5714285714285714,28.142857142857142,243.28571428571428,102.71428571428571,0.42857142857142855,1.0,6
202,CLE,10,22.88888888888889,174.88888888888889,133.33333333333334,0.7777777777777778,1.2222222222222223,26.88888888888889,227.77777777777777,141.77777777777777,0.2222222222222222,2.0,10
203,CLE,11,21.6,169.9,143.1,0.7,1.2,23.2,190.6,119.7,0.3,3.1,22
204,CLE,12,21.636363636363637,171.45454545454547,142.54545454545453,0.6363636363636364,1.3636363636363635,27.09090909090909,256.54545454545456,117.36363636363636,0.7272727272727273,0.8181818181818182,27
205,CLE,13,22.083333333333332,178.16666666666666,147.91666666666666,0.5833333333333334,1.4166666666666667,23.75,246.16666666666666,105.91666666666667,0.9166666666666666,1.1666666666666667,41
206,CLE,14,23.53846153846154,190.6153846153846,145.6153846153846,0.5384615384615384,1.3076923076923077,17.76923076923077,208.69230769230768,103.0,0.5384615384615384,2.1538461538461537,42
207,CLE,15,24.857142857142858,202.35714285714286,145.07142857142858,0.5714285714285714,1.2142857142857142,20.785714285714285,224.21428571428572,94.21428571428571,0.7142857142857143,2.357142857142857,20
208,CLE,16,24.533333333333335,207.93333333333334,142.46666666666667,0.5333333333333333,1.2,27.533333333333335,261.1333333333333,105.4,0.6666666666666666,1.6,16
209,CLE,17,24.0,210.8125,136.375,0.5,1.375,18.0,184.0,99.4375,1.125,3.25,-1
210,MIA,2,11.0,182.0,87.0,3.0,1.0,17.0,202.0,52.0,1.0,3.0,28
211,MIA,3,19.5,246.5,93.0,1.5,2.0,26.5,294.0,105.5,1.0,1.0,31
212,MIA,4,23.333333333333332,216.33333333333334,108.0,1.0,1.6666666666666667,28.666666666666668,430.6666666666667,66.66666666666667,1.3333333333333333,1.6666666666666667,23
213,MIA,5,23.25,240.25,106.75,1.25,1.5,17.75,184.0,110.75,0.75,2.0,43
214,MIA,6,27.2,260.6,104.2,1.0,1.6,32.2,265.6,128.6,1.0,1.4,24
215,MIA,8,22.857142857142858,213.57142857142858,90.14285714285714,1.0,1.4285714285714286,17.714285714285715,212.42857142857142,100.42857142857143,0.8571428571428571,3.4285714285714284,28
216,MIA,9,23.5,198.125,85.75,0.875,1.375,18.25,216.375,114.75,0.75,2.375,34
217,MIA,10,24.666666666666668,200.66666666666666,86.33333333333333,0.7777777777777778,1.5555555555555556,24.0,213.55555555555554,105.11111111111111,0.4444444444444444,1.7777777777777777,29
218,MIA,11,25.1,197.5,88.8,0.7,1.4,25.4,208.1,115.9,0.6,2.2,13
219,MIA,12,24.0,194.72727272727272,85.81818181818181,0.7272727272727273,1.8181818181818181,27.454545454545453,262.09090909090907,101.54545454545455,0.6363636363636364,1.2727272727272727,20
220,MIA,13,23.666666666666668,198.58333333333334,87.33333333333333,0.6666666666666666,2.0,24.083333333333332,232.58333333333334,125.08333333333333,0.75,1.0833333333333333,19
221,MIA,14,23.307692307692307,206.07692307692307,89.07692307692308,0.6153846153846154,1.8461538461538463,19.53846153846154,208.3846153846154,122.23076923076923,1.0769230769230769,1.5384615384615385,27
222,MIA,15,23.571428571428573,211.85714285714286,88.42857142857143,0.6428571428571429,2.0,19.928571428571427,202.92857142857142,115.14285714285714,1.0714285714285714,1.3571428571428572,22
223,MIA,16,23.466666666666665,206.6,99.2,0.6666666666666666,2.0,28.066666666666666,242.33333333333334,117.4,0.6666666666666666,1.0666666666666667,26
224,MIA,17,23.625,209.5,101.125,0.625,2.0625,21.8125,208.875,115.25,0.75,2.3125,-1
225,ATL,2,25.0,434.0,72.0,1.0,2.0,20.0,269.0,153.0,1.0,1.0,39
226,ATL,3,32.0,350.5,92.5,0.5,1.5,18.0,254.0,106.5,1.0,2.5,26
227,ATL,4,30.0,309.3333333333333,109.66666666666667,0.6666666666666666,1.6666666666666667,28.333333333333332,247.0,115.0,0.6666666666666666,2.6666666666666665,16
228,ATL,5,26.5,294.25,101.75,0.5,2.25,25.5,227.0,125.25,0.5,0.75,16
229,ATL,6,24.4,276.8,114.6,0.6,2.2,30.4,271.4,132.6,0.6,2.2,40
230,ATL,7,27.0,291.1666666666667,112.0,0.5,2.1666666666666665,23.833333333333332,195.0,120.83333333333333,0.8333333333333334,1.0,22
231,ATL,8,26.285714285714285,295.57142857142856,105.42857142857143,0.42857142857142855,2.142857142857143,24.0,227.14285714285714,124.0,0.5714285714285714,0.8571428571428571,25
232,ATL,9,26.125,292.375,108.625,0.5,2.125,22.875,207.0,108.0,0.625,2.5,34
233,ATL,11,24.3,261.0,96.1,0.5,1.9,21.3,208.3,69.1,0.9,2.4,9
234,ATL,12,22.90909090909091,255.0909090909091,92.0909090909091,0.6363636363636364,2.4545454545454546,25.09090909090909,248.72727272727272,102.0,0.7272727272727273,1.0,43
235,ATL,13,24.583333333333332,248.75,94.83333333333333,0.6666666666666666,2.3333333333333335,18.75,190.91666666666666,70.25,1.0833333333333333,2.75,16
236,ATL,14,23.923076923076923,249.76923076923077,92.92307692307692,0.6153846153846154,2.3846153846153846,26.53846153846154,197.92307692307693,114.61538461538461,0.46153846153846156,1.6153846153846154,17
237,ATL,15,23.428571428571427,249.71428571428572,91.28571428571429,0.7857142857142857,2.357142857142857,21.0,231.57142857142858,75.14285714285714,1.0,2.857142857142857,27
238,ATL,16,23.666666666666668,255.2,87.66666666666667,0.7333333333333333,2.4,20.666666666666668,214.73333333333332,115.26666666666667,1.0666666666666667,1.6666666666666667,14
239,ATL,17,23.0625,256.5625,87.8125,0.6875,2.5,20.5,230.4375,72.625,0.9375,2.9375,-1
240,DAL,2,17.0,244.0,136.0,0.0,3.0,38.0,299.0,84.0,0.0,3.0,40
241,DAL,3,28.5,344.5,130.5,0.0,2.0,27.5,415.5,69.5,1.0,1.5,31
242,DAL,4,29.333333333333332,383.3333333333333,107.33333333333333,0.6666666666666666,2.0,29.333333333333332,253.66666666666666,94.0,1.0,2.6666666666666665,38
243,DAL,5,31.5,407.75,101.75,0.75,2.25,24.0,221.5,106.75,0.5,2.5,37
244,DAL,6,32.6,381.4,106.6,0.8,2.2,20.4,222.4,124.2,0.2,2.8,10
245,DAL,7,28.833333333333332,359.0,105.0,1.0,2.3333333333333335,27.0,207.0,130.0,1.1666666666666667,2.6666666666666665,3
246,DAL,8,25.142857142857142,316.14285714285717,101.85714285714286,1.0,2.857142857142857,28.0,220.42857142857142,130.42857142857142,0.42857142857142855,3.4285714285714284,9
247,DAL,9,23.125,293.125,105.75,0.875,3.0,17.75,187.125,84.75,1.25,3.75,19
248,DAL,11,20.4,256.5,99.0,0.8,2.6,24.7,241.1,104.1,0.7,1.8,31
249,DAL,12,21.363636363636363,251.0,106.36363636363636,0.8181818181818182,2.4545454545454546,20.636363636363637,177.63636363636363,109.45454545454545,0.8181818181818182,2.909090909090909,16
250,DAL,13,20.916666666666668,245.66666666666666,102.5,0.8333333333333334,2.5833333333333335,17.833333333333332,203.0,102.33333333333333,0.5,2.25,17
251,DAL,14,20.615384615384617,248.07692307692307,103.15384615384616,0.8461538461538461,2.4615384615384617,23.692307692307693,237.46153846153845,123.92307692307692,0.6923076923076923,1.0,30
252,DAL,15,21.285714285714285,242.57142857142858,103.0,0.7857142857142857,2.4285714285714284,22.214285714285715,195.28571428571428,98.21428571428571,0.7857142857142857,1.6428571428571428,41
253,DAL,16,22.6,240.0,101.93333333333334,0.7333333333333333,2.4,24.066666666666666,219.4,117.2,0.3333333333333333,2.933333333333333,37
254,DAL,17,23.5,247.625,105.0,0.75,2.375,21.125,225.5,104.625,0.625,2.125,-1
255,HTX,2,20.0,242.0,118.0,1.0,4.0,6.0,168.0,138.0,1.0,2.0,16
256,HTX,3,18.0,247.5,84.5,1.0,4.0,18.5,238.5,66.5,1.5,5.0,21
257,HTX,4,19.0,242.0,66.0,1.0,4.333333333333333,34.0,292.3333333333333,147.66666666666666,0.6666666666666666,1.3333333333333333,23
258,HTX,5,20.0,254.0,73.5,0.75,4.0,29.25,261.0,138.5,0.75,1.0,30
259,HTX,6,22.0,274.6,84.6,1.0,3.4,18.0,208.8,118.6,1.2,1.0,36
260,HTX,7,24.333333333333332,282.1666666666667,85.83333333333333,0.8333333333333334,3.1666666666666665,23.166666666666668,192.66666666666666,96.83333333333333,0.3333333333333333,2.0,20
261,HTX,9,20.75,247.375,74.25,0.625,2.75,27.5,246.625,124.75,0.75,0.75,27
262,HTX,10,21.444444444444443,249.55555555555554,77.88888888888889,0.5555555555555556,2.6666666666666665,26.333333333333332,235.22222222222223,94.88888888888889,0.7777777777777778,2.2222222222222223,7
263,HTX,11,20.0,239.9,79.1,0.5,2.6,21.1,201.7,116.3,1.1,1.3,27
264,HTX,12,20.636363636363637,249.36363636363637,76.9090909090909,0.45454545454545453,2.3636363636363638,26.09090909090909,234.9090909090909,126.36363636363636,0.6363636363636364,1.2727272727272727,41
265,HTX,13,22.333333333333332,254.16666666666666,76.91666666666667,0.4166666666666667,2.3333333333333335,21.083333333333332,192.41666666666666,93.41666666666667,1.0,1.9166666666666667,20
266,HTX,14,22.153846153846153,258.3076923076923,77.92307692307692,0.46153846153846156,2.5384615384615383,21.846153846153847,220.07692307692307,107.15384615384616,0.5384615384615384,1.7692307692307692,7
267,HTX,15,21.071428571428573,250.92857142857142,80.07142857142857,0.42857142857142855,2.857142857142857,21.428571428571427,211.57142857142858,92.14285714285714,1.0714285714285714,2.0,20
268,HTX,16,21.0,257.0,80.26666666666667,0.4,3.0,23.666666666666668,227.73333333333332,119.86666666666666,0.6666666666666666,1.0666666666666667,31
269,HTX,17,21.625,261.0625,85.625,0.375,2.875,25.0625,254.875,114.8125,0.875,0.9375,-1
270,SDG,2,16.0,207.0,155.0,0.0,2.0,20.0,242.0,118.0,1.0,4.0,20
271,SDG,3,18.0,251.5,169.0,0.5,2.0,32.5,228.0,127.5,0.5,0.0,16
272,SDG,4,17.333333333333332,274.0,151.66666666666666,0.6666666666666666,2.0,20.333333333333332,237.66666666666666,70.33333333333333,1.3333333333333333,4.0,31
273,SDG,5,20.75,275.0,125.25,0.75,2.0,30.75,236.75,97.5,0.75,2.5,27
274,SDG,7,18.333333333333332,223.16666666666666,102.0,0.5,1.8333333333333333,30.166666666666668,270.6666666666667,143.83333333333334,1.0,0.8333333333333334,39
275,SDG,8,21.285714285714285,241.14285714285714,106.71428571428571,0.42857142857142855,1.7142857142857142,21.857142857142858,197.28571428571428,93.42857142857143,0.42857142857142855,2.5714285714285716,30
276,SDG,9,22.375,245.375,119.625,0.625,1.75,25.375,228.125,102.5,0.375,0.875,26
277,SDG,10,22.77777777777778,252.77777777777777,120.55555555555556,0.5555555555555556,1.7777777777777777,17.88888888888889,224.44444444444446,117.11111111111111,0.7777777777777778,2.2222222222222223,21
278,SDG,11,22.6,244.9,118.4,0.6,1.8,26.8,253.6,108.8,0.7,1.1,34
279,SDG,12,23.636363636363637,254.1818181818182,110.27272727272727,0.5454545454545454,1.9090909090909092,24.09090909090909,217.0,122.72727272727273,0.6363636363636364,2.4545454545454546,17
280,SDG,13,23.083333333333332,257.25,107.41666666666667,0.5833333333333334,2.0,21.25,210.08333333333334,113.0,1.0,1.25,0
281,SDG,14,21.307692307692307,251.92307692307693,104.53846153846153,0.6923076923076923,2.076923076923077,23.23076923076923,263.3076923076923,100.76923076923077,0.6153846153846154,1.8461538461538463,20
282,SDG,15,21.214285714285715,251.07142857142858,104.57142857142857,0.7142857142857143,2.0,27.928571428571427,237.78571428571428,118.92857142857143,0.7142857142857143,1.0714285714285714,30
283,SDG,16,21.8,254.73333333333332,104.0,0.6666666666666666,1.9333333333333333,26.333333333333332,214.73333333333332,125.66666666666667,0.5333333333333333,2.466666666666667,19
284,SDG,17,21.625,253.0,103.0625,0.625,1.9375,20.25,218.625,113.6875,1.0,1.8125,-1
285,DET,2,23.0,288.0,138.0,1.0,1.0,34.0,248.0,134.0,1.0,2.0,21
286,DET,3,22.0,253.0,113.5,1.0,2.5,17.5,221.0,120.0,0.0,3.5,26
287,DET,4,23.333333333333332,246.0,105.66666666666667,0.6666666666666666,3.0,31.333333333333332,252.0,100.0,0.6666666666666666,2.3333333333333335,29
288,DET,6,19.8,185.8,81.4,0.6,2.4,29.4,280.2,136.6,1.0,1.0,34
289,DET,7,22.166666666666668,192.0,97.83333333333333,0.6666666666666666,2.0,30.666666666666668,335.3333333333333,97.16666666666667,0.8333333333333334,1.3333333333333333,23
290,DET,8,22.285714285714285,210.57142857142858,93.0,0.5714285714285714,2.0,16.428571428571427,171.14285714285714,75.71428571428571,1.4285714285714286,1.8571428571428572,21
291,DET,9,22.125,221.375,85.0,0.625,2.375,26.75,251.375,108.875,0.375,1.75,20
292,DET,10,21.88888888888889,229.22222222222223,89.88888888888889,0.8888888888888888,2.3333333333333335,20.88888888888889,165.0,114.33333333333333,0.8888888888888888,3.0,30
293,DET,11,22.7,233.0,91.4,0.8,2.2,27.2,255.5,124.5,0.5,1.1,0
294,DET,12,20.636363636363637,225.0,86.72727272727273,0.7272727272727273,2.4545454545454546,24.727272727272727,229.45454545454547,144.8181818181818,0.18181818181818182,1.9090909090909092,25
295,DET,13,21.0,229.5,88.58333333333333,0.75,2.5833333333333335,20.833333333333332,205.08333333333334,111.08333333333333,0.5,1.75,34
296,DET,14,22.0,242.6153846153846,86.38461538461539,0.7692307692307693,2.5384615384615383,23.0,207.3846153846154,105.76923076923077,0.6153846153846154,2.3846153846153846,24
297,DET,15,22.142857142857142,242.57142857142858,83.85714285714286,0.7142857142857143,2.642857142857143,24.0,254.07142857142858,105.71428571428571,0.8571428571428571,1.0,25
298,DET,16,22.333333333333332,246.86666666666667,86.46666666666667,0.7333333333333333,2.466666666666667,21.4,238.26666666666668,72.6,0.9333333333333333,2.8666666666666667,7
299,DET,17,21.375,238.5,85.625,0.75,2.5625,27.5,240.8125,126.375,0.875,1.375,-1
300,SFO,2,20.0,243.0,123.0,0.0,3.0,27.0,306.0,98.0,0.0,3.0,31
301,SFO,3,25.5,210.0,152.5,0.5,3.0,21.5,188.5,138.0,1.0,3.0,36
302,SFO,4,29.0,249.0,132.66666666666666,0.3333333333333333,2.6666666666666665,29.0,224.33333333333334,106.33333333333333,0.0,4.0,20
303,SFO,5,26.75,262.0,128.5,0.75,3.25,24.0,285.0,124.75,0.5,2.25,17
304,SFO,6,24.8,235.2,129.0,1.0,3.6,18.0,197.8,106.4,0.8,4.0,24
305,SFO,7,24.666666666666668,240.66666666666666,127.83333333333333,0.8333333333333334,3.0,18.333333333333332,183.16666666666666,99.33333333333333,1.0,1.3333333333333333,33
306,SFO,8,25.857142857142858,244.85714285714286,137.71428571428572,1.0,2.7142857142857144,24.571428571428573,316.0,94.71428571428571,1.1428571428571428,1.2857142857142858,27
307,SFO,9,26.0,251.625,127.0,1.0,2.75,23.375,199.125,104.125,0.25,2.0,17
308,SFO,10,25.0,255.0,119.0,1.0,2.5555555555555554,22.22222222222222,205.66666666666666,71.33333333333333,0.7777777777777778,2.4444444444444446,13
309,SFO,12,21.636363636363637,229.72727272727272,101.81818181818181,1.0,2.272727272727273,17.454545454545453,182.36363636363637,83.0,0.9090909090909091,2.909090909090909,23
310,SFO,13,21.75,230.0,102.66666666666667,1.0,2.25,23.5,223.16666666666666,118.83333333333333,0.6666666666666666,2.5,24
311,SFO,14,21.923076923076923,236.6153846153846,101.38461538461539,1.0769230769230769,2.076923076923077,20.0,188.15384615384616,98.84615384615384,0.8461538461538461,2.769230769230769,15
312,SFO,15,21.428571428571427,236.57142857142858,101.85714285714286,1.0714285714285714,2.2142857142857144,28.571428571428573,199.78571428571428,151.07142857142858,0.35714285714285715,1.7142857142857142,33
313,SFO,16,22.2,241.33333333333334,105.06666666666666,1.1333333333333333,2.2,21.933333333333334,215.26666666666668,111.4,0.6666666666666666,2.8666666666666667,20
314,SFO,17,22.0625,236.9375,112.6875,1.0625,2.25,21.75,269.875,90.1875,0.875,2.6875,-1
315,RAM,2,20.0,269.0,153.0,1.0,1.0,27.0,159.0,80.0,0.0,3.0,37
316,RAM,3,28.5,263.5,172.0,0.5,1.0,22.5,256.5,75.5,0.5,3.0,32
317,RAM,4,29.666666666666668,279.3333333333333,170.33333333333334,0.6666666666666666,1.3333333333333333,26.333333333333332,234.66666666666666,123.0,0.6666666666666666,2.6666666666666665,17
318,RAM,5,26.5,255.0,142.25,0.5,1.5,28.0,208.5,129.75,1.25,3.5,30
319,RAM,6,27.2,264.0,139.6,0.6,1.4,22.8,215.6,107.4,0.6,2.0,16
320,RAM,7,25.333333333333332,253.0,135.16666666666666,0.6666666666666666,1.1666666666666667,19.333333333333332,224.16666666666666,113.0,0.8333333333333334,2.5,24
321,RAM,8,25.142857142857142,247.0,138.71428571428572,0.5714285714285714,1.1428571428571428,16.142857142857142,202.28571428571428,106.42857142857143,0.7142857142857143,2.4285714285714284,17
322,RAM,10,21.444444444444443,229.88888888888889,122.44444444444444,0.6666666666666666,1.1111111111111112,27.0,321.8888888888889,83.22222222222223,1.0,2.111111111111111,23
323,RAM,11,21.6,235.2,120.8,0.6,1.3,22.6,223.7,76.6,1.2,3.2,27
324,RAM,12,22.09090909090909,248.0,113.18181818181819,0.7272727272727273,1.1818181818181819,21.272727272727273,189.9090909090909,97.27272727272727,0.7272727272727273,1.6363636363636365,20
325,RAM,13,21.916666666666668,242.5,114.25,0.8333333333333334,1.25,21.5,208.25,113.08333333333333,0.8333333333333334,2.3333333333333335,38
326,RAM,14,23.153846153846153,250.30769230769232,114.61538461538461,0.7692307692307693,1.2307692307692308,19.615384615384617,208.3846153846154,109.6923076923077,1.0769230769230769,1.3846153846153846,24
327,RAM,15,23.214285714285715,241.85714285714286,119.71428571428571,0.7857142857142857,1.2142857142857142,28.071428571428573,266.2857142857143,104.78571428571429,0.6428571428571429,1.5,20
328,RAM,16,23.0,238.33333333333334,119.33333333333333,0.8,1.3333333333333333,22.6,273.46666666666664,88.33333333333333,0.8666666666666667,2.6666666666666665,9
329,RAM,17,22.125,236.9375,119.25,0.8125,1.4375,21.8125,212.5,118.625,0.625,2.875,-1
330,CHI,2,27.0,214.0,149.0,0.0,1.0,26.0,208.0,141.0,0.0,2.0,17
331,CHI,3,22.0,191.5,142.0,1.0,2.5,39.0,372.0,104.5,0.0,2.0,30
332,CHI,4,24.666666666666668,230.0,138.0,1.3333333333333333,2.3333333333333335,15.0,132.0,93.33333333333333,2.0,3.0,11
333,CHI,5,21.25,232.75,110.5,1.25,2.0,23.0,247.75,64.25,1.25,3.5,20
334,CHI,6,21.0,227.8,95.4,1.2,2.2,23.6,223.0,133.4,0.6,1.0,23
335,CHI,7,21.333333333333332,222.83333333333334,90.0,1.1666666666666667,1.8333333333333333,19.0,209.5,109.0,0.6666666666666666,3.3333333333333335,10
336,CHI,8,19.714285714285715,223.85714285714286,84.14285714285714,1.2857142857142858,2.142857142857143,24.857142857142858,204.57142857142858,76.85714285714286,0.42857142857142855,2.0,23
337,CHI,9,20.125,225.0,85.625,1.25,2.5,23.0,235.125,112.125,1.125,0.875,17
338,CHI,10,19.77777777777778,235.44444444444446,82.33333333333333,1.1111111111111112,2.5555555555555554,26.0,255.88888888888889,111.11111111111111,0.6666666666666666,1.7777777777777777,13
339,CHI,12,17.363636363636363,202.45454545454547,71.0909090909091,1.0,2.272727272727273,23.454545454545453,209.63636363636363,103.36363636363636,0.45454545454545453,1.9090909090909092,25
340,CHI,13,18.0,204.66666666666666,75.25,1.0833333333333333,2.3333333333333335,27.333333333333332,240.91666666666666,122.25,0.5833333333333334,1.3333333333333333,30
341,CHI,14,18.923076923076923,208.07692307692307,80.23076923076923,1.0,2.3076923076923075,24.846153846153847,235.76923076923077,139.30769230769232,0.23076923076923078,2.1538461538461537,36
342,CHI,15,20.142857142857142,210.42857142857142,86.57142857142857,0.9285714285714286,2.357142857142857,25.357142857142858,238.28571428571428,111.35714285714286,0.7857142857142857,1.5,33
343,CHI,16,21.0,209.6,94.06666666666666,0.9333333333333333,2.2666666666666666,28.2,253.6,136.73333333333332,0.6666666666666666,1.1333333333333333,41
344,CHI,17,22.25,212.9375,96.1875,0.9375,2.1875,22.0625,205.6875,106.0625,0.625,2.5,-1
345,CAR,2,30.0,259.0,129.0,0.0,1.0,34.0,189.0,82.0,0.0,1.0,17
346,CAR,3,23.5,299.5,108.0,1.0,3.0,18.0,231.0,123.5,0.5,2.0,21
347,CAR,4,22.666666666666668,273.3333333333333,99.0,0.6666666666666666,2.6666666666666665,20.333333333333332,224.66666666666666,110.0,0.0,3.6666666666666665,31
348,CAR,5,24.75,274.0,116.25,0.75,2.0,34.5,341.5,106.75,0.5,1.75,23
349,CAR,6,24.4,281.8,117.8,0.6,1.6,20.0,230.8,113.2,0.6,2.2,16
350,CAR,7,23.0,266.6666666666667,116.83333333333333,0.8333333333333334,2.0,25.0,197.66666666666666,83.5,0.5,2.1666666666666665,24
351,CAR,8,23.142857142857142,263.7142857142857,105.42857142857143,0.7142857142857143,1.8571428571428572,29.571428571428573,333.42857142857144,92.42857142857143,0.7142857142857143,1.4285714285714286,17
352,CAR,9,22.375,250.375,110.625,0.75,2.0,19.0,201.25,142.75,1.125,2.125,31
353,CAR,10,23.333333333333332,259.3333333333333,109.88888888888889,0.6666666666666666,2.0,22.555555555555557,235.0,77.88888888888889,1.2222222222222223,3.2222222222222223,23
354,CAR,11,23.3,245.6,105.4,0.7,2.1,26.7,232.6,127.4,0.5,1.3,20
355,CAR,12,23.0,246.72727272727272,106.36363636363636,0.8181818181818182,2.0,25.272727272727273,237.0,111.0,0.7272727272727273,1.7272727272727273,27
356,CAR,14,21.53846153846154,229.30769230769232,98.23076923076923,0.7692307692307693,1.6923076923076923,24.615384615384617,201.84615384615384,121.38461538461539,0.6153846153846154,2.4615384615384617,27
357,CAR,15,21.928571428571427,230.42857142857142,100.14285714285714,0.7142857142857143,1.8571428571428572,23.071428571428573,209.85714285714286,101.85714285714286,0.5714285714285714,2.5,16
358,CAR,16,21.533333333333335,231.66666666666666,101.13333333333334,0.6666666666666666,1.9333333333333333,19.666666666666668,186.86666666666667,104.93333333333334,0.8666666666666667,2.6666666666666665,20
359,CAR,17,21.4375,227.625,101.875,0.6875,2.0625,20.625,201.625,89.25,0.8125,2.625,-1
360,WAS,2,27.0,159.0,80.0,0.0,3.0,20.0,243.0,123.0,0.0,3.0,15
361,WAS,3,21.0,179.0,98.5,0.0,3.5,34.0,277.5,89.5,0.0,2.5,20
362,WAS,4,20.666666666666668,188.0,100.0,1.0,3.3333333333333335,18.666666666666668,268.6666666666667,107.0,0.6666666666666666,2.0,17
363,WAS,5,19.75,209.5,92.25,0.75,3.25,20.0,229.75,123.5,1.0,3.0,10
364,WAS,6,17.8,181.6,81.4,0.6,4.2,26.6,232.4,110.6,0.6,2.4,19
365,WAS,7,18.0,193.16666666666666,82.16666666666667,0.6666666666666666,4.0,36.333333333333336,236.66666666666666,173.33333333333334,0.16666666666666666,1.8333333333333333,25
366,WAS,9,16.625,168.5,87.625,0.5,3.25,24.875,252.75,102.0,0.625,2.5,20
367,WAS,10,17.0,190.33333333333334,82.0,0.7777777777777778,3.111111111111111,26.666666666666668,216.77777777777777,131.66666666666666,0.5555555555555556,1.2222222222222223,27
368,WAS,11,18.0,208.8,82.7,0.7,3.0,25.0,238.6,119.5,0.8,1.1,20
369,WAS,12,18.181818181818183,204.45454545454547,90.0909090909091,0.7272727272727273,2.909090909090909,28.90909090909091,211.45454545454547,139.8181818181818,0.2727272727272727,1.7272727272727273,41
370,WAS,13,20.083333333333332,200.41666666666666,97.75,0.75,2.9166666666666665,15.666666666666666,177.08333333333334,96.91666666666667,1.3333333333333333,3.4166666666666665,23
371,WAS,14,20.307692307692307,206.0,93.6923076923077,0.6923076923076923,2.923076923076923,22.153846153846153,203.0,98.23076923076923,0.7692307692307693,1.6153846153846154,23
372,WAS,15,20.5,198.07142857142858,94.0,0.7142857142857143,2.857142857142857,23.142857142857142,273.7857142857143,88.64285714285714,0.7857142857142857,2.5714285714285716,15
373,WAS,16,20.133333333333333,202.8,93.33333333333333,0.8,2.933333333333333,23.733333333333334,223.73333333333332,111.46666666666667,0.3333333333333333,1.6,13
374,WAS,17,19.6875,207.5,94.25,0.875,2.9375,24.875,228.3125,119.3125,0.375,2.875,-1
375,PHI,2,17.0,208.0,57.0,2.0,8.0,17.0,244.0,136.0,0.0,3.0,19
376,PHI,3,18.0,225.0,89.0,2.0,4.0,25.5,213.0,185.0,0.5,1.0,23
377,PHI,4,19.666666666666668,218.66666666666666,116.66666666666667,2.0,3.6666666666666665,15.333333333333334,187.33333333333334,116.66666666666667,0.6666666666666666,1.6666666666666667,25
378,PHI,5,21.0,207.5,110.75,1.75,3.5,14.5,177.0,40.5,1.0,3.75,29
379,PHI,6,22.6,214.4,107.4,1.8,3.8,15.2,243.0,92.0,0.6,3.2,28
380,PHI,7,23.5,207.0,121.83333333333333,1.5,4.166666666666667,25.333333333333332,235.5,106.5,0.6666666666666666,2.5,22
381,PHI,8,23.285714285714285,226.85714285714286,118.14285714285714,1.4285714285714286,4.0,34.714285714285715,229.85714285714286,178.28571428571428,0.14285714285714285,1.8571428571428572,23
382,PHI,10,20.666666666666668,187.88888888888889,105.11111111111111,1.3333333333333333,3.5555555555555554,24.333333333333332,265.22222222222223,94.77777777777777,0.8888888888888888,2.4444444444444446,17
383,PHI,11,20.3,188.1,110.2,1.2,3.5,24.4,227.0,94.4,0.7,2.2,17
384,PHI,12,20.0,190.0,109.81818181818181,1.2727272727272727,3.6363636363636362,26.09090909090909,312.45454545454544,82.9090909090909,0.8181818181818182,2.272727272727273,17
385,PHI,13,19.75,189.16666666666666,106.5,1.25,3.8333333333333335,23.583333333333332,211.25,104.83333333333333,0.5833333333333334,2.0,16
386,PHI,14,19.46153846153846,187.0,107.3076923076923,1.2307692307692308,4.076923076923077,18.53846153846154,196.3846153846154,70.23076923076923,1.0,2.769230769230769,24
387,PHI,15,19.785714285714285,185.57142857142858,117.21428571428571,1.1428571428571428,3.7857142857142856,21.642857142857142,208.85714285714286,111.0,0.7142857142857143,2.642857142857143,26
388,PHI,16,20.2,193.53333333333333,117.2,1.0666666666666667,3.933333333333333,28.866666666666667,207.0,151.0,0.4666666666666667,1.7333333333333334,17
389,PHI,17,20.0,201.8125,119.3125,1.125,3.875,19.6875,185.625,105.4375,0.875,2.75,-1
390,NWE,2,21.0,140.0,217.0,0.0,2.0,25.0,434.0,72.0,1.0,2.0,30
391,NWE,3,25.5,268.5,142.0,0.5,1.5,27.0,285.5,120.5,0.5,0.5,36
392,NWE,4,29.0,231.0,178.0,0.6666666666666666,1.6666666666666667,20.0,202.66666666666666,153.0,0.6666666666666666,3.3333333333333335,10
393,NWE,6,19.4,173.0,143.8,1.0,1.4,19.6,205.0,87.2,0.2,2.0,12
394,NWE,7,18.166666666666668,172.66666666666666,139.33333333333334,1.1666666666666667,1.8333333333333333,21.666666666666668,212.66666666666666,108.33333333333333,0.6666666666666666,1.6666666666666667,6
395,NWE,8,16.428571428571427,169.0,132.85714285714286,1.5714285714285714,1.8571428571428572,25.428571428571427,232.57142857142858,126.85714285714286,0.5714285714285714,2.4285714285714284,21
396,NWE,9,17.0,168.0,139.75,1.375,1.875,29.75,282.75,116.125,0.875,1.375,30
397,NWE,10,18.444444444444443,179.77777777777777,141.88888888888889,1.2222222222222223,1.6666666666666667,15.777777777777779,198.33333333333334,90.44444444444444,0.4444444444444444,2.6666666666666665,23
398,NWE,11,18.9,175.3,145.0,1.1,1.6,25.2,217.5,150.7,0.2,1.9,20
399,NWE,12,19.0,191.0909090909091,139.63636363636363,1.0,1.6363636363636365,21.636363636363637,220.9090909090909,113.36363636363636,0.7272727272727273,2.272727272727273,20
400,NWE,13,19.083333333333332,180.91666666666666,137.16666666666666,1.0833333333333333,1.75,25.0,203.91666666666666,110.41666666666667,0.5,1.6666666666666667,45
401,NWE,14,21.076923076923077,176.69230769230768,139.30769230769232,1.0,1.6923076923076923,18.692307692307693,183.0,85.92307692307692,0.9230769230769231,2.769230769230769,3
402,NWE,15,19.785714285714285,172.14285714285714,137.0,1.0,2.0,17.5,224.78571428571428,111.64285714285714,1.1428571428571428,2.4285714285714284,12
403,NWE,16,19.266666666666666,173.06666666666666,135.66666666666666,0.9333333333333333,2.066666666666667,22.666666666666668,219.06666666666666,113.26666666666667,0.8,2.2666666666666666,9
404,NWE,17,18.625,165.75,136.25,0.875,2.125,26.8125,260.6875,101.625,0.625,1.75,-1
405,DEN,2,14.0,216.0,107.0,0.0,0.0,16.0,262.0,29.0,2.0,3.0,21
406,DEN,3,17.5,215.5,105.5,0.5,3.5,25.5,264.5,84.5,1.0,3.0,10
407,DEN,4,15.0,205.0,84.33333333333333,1.0,4.333333333333333,31.333333333333332,239.0,133.0,0.3333333333333333,2.0,37
408,DEN,6,16.4,171.4,74.0,1.2,2.6,18.4,187.0,92.2,0.8,1.2,18
409,DEN,7,16.666666666666668,170.16666666666666,84.16666666666667,1.3333333333333333,2.5,21.166666666666668,208.0,145.33333333333334,1.1666666666666667,2.1666666666666665,16
410,DEN,8,16.571428571428573,179.28571428571428,97.42857142857143,1.4285714285714286,2.5714285714285716,22.0,217.0,96.85714285714286,0.42857142857142855,1.8571428571428572,31
411,DEN,9,18.375,187.25,98.75,1.375,2.5,28.0,311.375,99.25,0.75,1.625,27
412,DEN,10,19.333333333333332,200.0,99.22222222222223,1.3333333333333333,2.3333333333333335,25.444444444444443,237.44444444444446,105.33333333333333,0.3333333333333333,1.0,12
413,DEN,11,18.6,204.7,95.9,1.6,2.3,18.2,219.4,115.3,0.8,2.2,20
414,DEN,12,18.727272727272727,210.63636363636363,104.36363636363636,1.5454545454545454,2.090909090909091,20.181818181818183,207.1818181818182,67.54545454545455,1.0,2.909090909090909,3
415,DEN,13,17.416666666666668,194.08333333333334,104.0,1.5833333333333333,2.0,19.833333333333332,213.16666666666666,117.5,1.0,1.6666666666666667,16
416,DEN,14,17.307692307692307,190.76923076923077,109.76923076923077,1.6153846153846154,1.8461538461538463,23.076923076923077,230.07692307692307,106.23076923076923,0.38461538461538464,1.3846153846153846,32
417,DEN,15,18.357142857142858,196.35714285714286,108.78571428571429,1.5,1.7857142857142858,22.928571428571427,226.5,111.35714285714286,0.8571428571428571,2.2142857142857144,19
418,DEN,16,18.4,190.93333333333334,110.86666666666666,1.4,1.8666666666666667,25.933333333333334,206.53333333333333,115.53333333333333,0.6666666666666666,1.6,16
419,DEN,17,18.25,195.4375,112.25,1.4375,1.875,27.9375,243.0,118.1875,0.625,1.1875,-1
420,CIN,2,13.0,173.0,122.0,1.0,3.0,38.0,270.0,111.0,0.0,2.0,30
421,CIN,3,21.5,229.0,95.0,0.5,3.0,32.0,208.5,135.5,0.0,2.0,23
422,CIN,4,22.0,238.0,79.33333333333333,0.3333333333333333,4.666666666666667,28.0,248.0,116.33333333333333,0.6666666666666666,1.0,33
423,CIN,5,24.75,253.5,110.75,0.5,3.75,18.25,270.0,97.5,0.5,2.25,3
424,CIN,6,20.4,229.8,102.6,0.6,4.4,17.6,179.6,86.4,1.8,2.2,27
425,CIN,7,21.5,241.5,101.83333333333333,0.6666666666666666,4.0,31.166666666666668,271.6666666666667,94.0,1.0,2.3333333333333335,34
426,CIN,8,23.285714285714285,262.2857142857143,98.85714285714286,0.7142857142857143,4.0,21.857142857142858,233.14285714285714,111.28571428571429,1.2857142857142858,1.0,31
427,CIN,10,21.555555555555557,231.66666666666666,90.0,0.5555555555555556,3.111111111111111,17.88888888888889,190.77777777777777,91.33333333333333,1.2222222222222223,3.5555555555555554,10
428,CIN,11,20.4,227.0,94.9,0.5,3.2,21.8,175.2,113.4,0.8,2.8,9
429,CIN,12,19.363636363636363,224.72727272727272,92.63636363636364,0.5454545454545454,3.272727272727273,21.454545454545453,234.27272727272728,91.72727272727273,0.7272727272727273,2.272727272727273,17
430,CIN,13,19.166666666666668,215.58333333333334,88.25,0.5833333333333334,3.1666666666666665,17.083333333333332,219.75,119.08333333333333,0.9166666666666666,2.0833333333333335,7
431,CIN,14,18.23076923076923,211.0,84.53846153846153,0.6923076923076923,3.3846153846153846,30.23076923076923,199.15384615384616,154.92307692307693,0.38461538461538464,1.6923076923076923,7
432,CIN,15,17.428571428571427,210.78571428571428,85.71428571428571,0.6428571428571429,3.2857142857142856,16.928571428571427,187.71428571428572,93.71428571428571,1.2142857142857142,3.2142857142857144,27
433,CIN,16,18.066666666666666,201.93333333333334,90.13333333333334,0.6,3.2,25.733333333333334,235.26666666666668,140.46666666666667,0.2,2.1333333333333333,37
434,CIN,17,19.25,212.5,95.0625,0.5625,3.0,18.75,218.0,99.5625,0.5,2.4375,-1
435,JAX,2,27.0,150.0,91.0,0.0,4.0,14.0,216.0,107.0,0.0,0.0,30
436,JAX,3,28.5,232.5,128.0,1.0,3.0,26.0,275.5,164.5,0.0,1.5,13
437,JAX,4,23.333333333333332,237.0,109.33333333333333,1.0,3.3333333333333335,24.666666666666668,210.66666666666666,180.66666666666666,1.0,1.6666666666666667,25
438,JAX,5,23.75,262.75,104.25,1.0,3.25,31.5,211.5,181.75,0.0,2.5,14
439,JAX,6,21.8,268.0,98.4,0.8,3.4,25.4,187.8,136.2,0.8,1.0,16
440,JAX,7,20.833333333333332,261.8333333333333,89.33333333333333,0.8333333333333334,3.0,20.833333333333332,227.5,89.66666666666667,0.5,1.3333333333333333,29
441,JAX,9,19.25,215.625,84.5,0.625,2.875,27.125,220.25,145.125,0.125,2.0,25
442,JAX,10,19.88888888888889,223.66666666666666,87.88888888888889,0.6666666666666666,2.7777777777777777,22.666666666666668,208.33333333333334,98.66666666666667,0.3333333333333333,1.8888888888888888,20
443,JAX,11,19.9,216.4,90.0,0.7,2.8,17.1,190.2,96.1,1.1,3.6,3
444,JAX,12,18.363636363636363,208.8181818181818,88.45454545454545,1.0,2.727272727272727,23.727272727272727,225.36363636363637,95.45454545454545,0.8181818181818182,2.4545454545454546,25
445,JAX,13,18.916666666666668,211.0,92.75,0.9166666666666666,2.5,25.416666666666668,239.5,110.66666666666667,0.75,1.5833333333333333,24
446,JAX,14,19.307692307692307,215.23076923076923,95.15384615384616,1.0,2.4615384615384617,25.076923076923077,253.3846153846154,106.84615384615384,0.8461538461538461,1.0769230769230769,10
447,JAX,15,18.642857142857142,218.64285714285714,94.85714285714286,1.0,2.2857142857142856,19.5,219.14285714285714,105.5,0.5714285714285714,2.0,14
448,JAX,16,18.333333333333332,217.73333333333332,92.66666666666667,0.9333333333333333,2.466666666666667,21.2,217.66666666666666,110.6,0.5333333333333333,2.2,17
449,JAX,17,18.25,216.8125,91.625,1.0,2.375,21.75,227.25,87.1875,0.9375,2.125,-1
450,NYG,2,16.0,262.0,29.0,2.0,3.0,23.0,288.0,138.0,1.0,1.0,13
451,NYG,3,14.5,241.0,52.0,1.5,3.5,18.5,198.5,142.0,0.5,1.5,9
452,NYG,4,12.666666666666666,215.66666666666666,56.666666666666664,1.3333333333333333,3.0,23.666666666666668,253.33333333333334,119.33333333333333,1.0,2.3333333333333335,9
453,NYG,5,11.75,201.5,76.5,1.25,3.5,36.5,258.0,172.5,0.25,2.0,34
454,NYG,6,16.2,203.4,79.0,1.0,3.2,28.4,226.8,129.6,1.2,3.0,20
455,NYG,7,16.833333333333332,187.5,87.83333333333333,1.0,2.8333333333333335,29.166666666666668,229.66666666666666,125.5,0.3333333333333333,3.5,21
456,NYG,8,17.428571428571427,184.28571428571428,98.14285714285714,1.0,2.857142857142857,20.285714285714285,225.28571428571428,66.0,1.2857142857142858,3.5714285714285716,23
457,NYG,9,18.125,193.25,98.5,1.125,2.875,20.625,162.625,107.875,1.0,2.75,23
458,NYG,10,18.666666666666668,192.22222222222223,106.0,1.0,3.111111111111111,22.77777777777778,186.11111111111111,116.22222222222223,0.3333333333333333,3.111111111111111,27
459,NYG,12,17.727272727272727,178.27272727272728,100.45454545454545,0.8181818181818182,2.8181818181818183,24.545454545454547,231.54545454545453,123.54545454545455,0.8181818181818182,1.1818181818181819,19
460,NYG,13,17.833333333333332,183.75,103.91666666666667,0.75,2.5833333333333335,25.333333333333332,301.4166666666667,81.83333333333333,0.8333333333333334,2.5833333333333335,17
461,NYG,14,17.76923076923077,177.30769230769232,110.53846153846153,0.7692307692307693,2.5384615384615383,22.76923076923077,218.69230769230768,113.53846153846153,0.7692307692307693,2.230769230769231,7
462,NYG,15,17.0,170.42857142857142,108.21428571428571,0.7142857142857143,2.9285714285714284,26.285714285714285,231.21428571428572,105.92857142857143,0.7142857142857143,2.4285714285714284,6
463,NYG,16,16.266666666666666,173.33333333333334,105.93333333333334,0.6666666666666666,2.8,19.133333333333333,218.2,102.6,0.5333333333333333,2.2,13
464,NYG,17,16.0625,175.9375,102.6875,0.625,3.0,28.125,214.4375,151.0,0.5625,1.8125,-1
465,NYJ,2,17.0,202.0,52.0,1.0,3.0,24.0,224.0,180.0,1.0,2.0,13
466,NYJ,3,15.0,187.5,78.0,0.5,2.0,19.0,122.5,85.5,1.5,3.5,7
467,NYJ,4,12.333333333333334,175.33333333333334,88.33333333333333,1.3333333333333333,2.0,23.333333333333332,277.6666666666667,102.33333333333333,0.3333333333333333,1.3333333333333333,28
468,NYJ,5,16.25,179.5,98.5,1.0,3.0,23.0,237.5,124.5,0.25,2.75,10
469,NYJ,6,15.0,176.0,103.4,0.8,3.0,22.6,253.6,126.0,0.8,2.8,0
470,NYJ,7,12.5,171.33333333333334,105.33333333333333,0.8333333333333334,3.0,28.0,256.1666666666667,131.33333333333334,0.3333333333333333,1.8333333333333333,10
471,NYJ,8,12.142857142857142,159.85714285714286,104.57142857142857,1.0,3.4285714285714284,20.428571428571427,211.71428571428572,149.85714285714286,1.2857142857142858,2.2857142857142856,9
472,NYJ,9,11.75,155.875,103.125,0.875,3.125,20.875,189.75,122.875,1.125,1.25,27
473,NYJ,11,12.1,150.4,89.0,0.8,2.6,24.5,209.1,105.7,0.4,1.6,28
474,NYJ,12,13.545454545454545,154.54545454545453,89.63636363636364,0.8181818181818182,2.4545454545454546,18.363636363636363,224.0,122.0,0.8181818181818182,2.0,3
475,NYJ,13,12.666666666666666,156.08333333333334,89.41666666666667,0.9166666666666666,2.5,26.583333333333332,242.91666666666666,103.91666666666667,0.75,1.0,28
476,NYJ,14,13.846153846153847,157.15384615384616,98.38461538461539,0.9230769230769231,2.5384615384615383,24.692307692307693,285.9230769230769,90.15384615384616,0.8461538461538461,2.5384615384615383,3
477,NYJ,15,13.071428571428571,154.21428571428572,96.28571428571429,0.8571428571428571,2.5714285714285716,17.571428571428573,178.0,87.42857142857143,0.9285714285714286,3.0,23
478,NYJ,16,13.733333333333333,157.0,96.06666666666666,0.8,2.533333333333333,24.933333333333334,230.06666666666666,103.8,0.6666666666666666,2.3333333333333335,23
479,NYJ,17,14.3125,159.8125,98.25,0.75,2.5,21.1875,207.375,124.5,1.0,1.3125,-1
